<?xml version="1.0" encoding="UTF-8"?><Invoice xmlns="urn:oasis:names:specification:ubl:schema:xsd:Invoice-2" xmlns:cac="urn:oasis:names:specification:ubl:schema:xsd:CommonAggregateComponents-2" xmlns:cbc="urn:oasis:names:specification:ubl:schema:xsd:CommonBasicComponents-2" xmlns:ext="urn:oasis:names:specification:ubl:schema:xsd:CommonExtensionComponents-2"><ext:UBLExtensions><ext:UBLExtension><ext:ExtensionContent><ds:Signature xmlns:ds="http://www.w3.org/2000/09/xmldsig#" Id="IdSingEfact"><ds:SignedInfo><ds:CanonicalizationMethod Algorithm="http://www.w3.org/TR/2001/REC-xml-c14n-20010315"/><ds:SignatureMethod Algorithm="http://www.w3.org/2000/09/xmldsig#rsa-sha1"/><ds:Reference URI=""><ds:Transforms><ds:Transform Algorithm="http://www.w3.org/2000/09/xmldsig#enveloped-signature"/></ds:Transforms><ds:DigestMethod Algorithm="http://www.w3.org/2000/09/xmldsig#sha1"/><ds:DigestValue>5NKBGmhd7b0e5d/6PLdqYVc8pqM=</ds:DigestValue></ds:Reference></ds:SignedInfo><ds:SignatureValue>MzWir0Z3BTNnohUISfXlJTQih4LnXX6oltnjy+kGEXMl6e77Usjk3ypScjpIbKE5Bwx8Q4rWVQut&#13;
7aQNfpDUM58LtMkAHhQVedkwoVXecLmYOK/XtqBcCIljuJq1EM1mId/YomYg0/mvG4xuq0wm9wKE&#13;
x2xaU9+szpwQOL+qenZYWP7VYNS0YLAgzMDOLNIAqwkDnuFobPWZhxNzNy9EVH52MwxCbAcw9S+Z&#13;
GBIggCDKqHNe9rWsvmJSc+PywuVN7lnLpPKH7i9uDFy7tUTQK0pj4uEXLTwITh5DiokjKCtOlwI9&#13;
JSg+diOJssqQK384FuaTRRU4nMEtJxhLj2JGEw==</ds:SignatureValue><ds:KeyInfo><ds:X509Data><ds:X509Certificate>MIIGWDCCBUCgAwIBAgITMwAAYlHsPjG8xOGFtwAAAABiUTANBgkqhkiG9w0BAQsFADCBkjELMAkG&#13;
A1UEBhMCQ0gxEDAOBgNVBAoTB1dJU2VLZXkxJjAkBgNVBAsTHUNvcHlyaWdodCAoYykgMjAxNiBX&#13;
SVNlS2V5IFNBMRYwFAYDVQQLEw1JbnRlcm5hdGlvbmFsMTEwLwYDVQQDEyhXSVNlS2V5IENlcnRp&#13;
ZnlJRCBBZHZhbmNlZCBTZXJ2aWNlcyBDQSA0MB4XDTIyMTAxMjIwNDY1NVoXDTI1MTAxMTIwNDY1&#13;
NVowggE/MQswCQYDVQQGEwJQRTENMAsGA1UEBxMETGltYTEVMBMGA1UEChMMRUZBQ1QgUy5BLkMu&#13;
MRkwFwYDVQQLExBSVUM6IDIwNTUxMDkzMDM1MRwwGgYDVQQLExNKRUZFIERFIE9QRVJBQ0lPTkVT&#13;
MSswKQYDVQQLEyJWYWxpZGF0ZWQgYnkgUGVydSBTZWN1cmUgRSBOZXQgU0FDMTMwMQYDVQQLDCpD&#13;
ZXJ0aWZpY2FkbyBjb3Jwb3JhdGl2byBkZSByZXByZXNlbnRhY2nDs24xNTAzBgNVBAsTLFJFTkFO&#13;
IE1BUlRJTiBNQU5USUxMQSBSQU1JUkVaIC0gRE5JIDQxNzEwMjEyMRUwEwYDVQQDEwxFRkFDVCBT&#13;
LkEuQy4xITAfBgkqhkiG9w0BCQEWEnJtYW50aWxsYUBlZmFjdC5wZTCCASIwDQYJKoZIhvcNAQEB&#13;
BQADggEPADCCAQoCggEBAMdHSmxNwJWoJ8qvYQYXCPiW1+HlgGSAJy8fNUTb6YDhNdECMbqkhC4r&#13;
ErrkpvR7JB+8smzvVNmArUaUFOKCbcRrpYzDjwgOHKzbP8BQnDiyJgjYRKsZgIeWX7157MUMTw63&#13;
CK+Ku7if6Iuq7+mFCDjO06Q4J1k5w/c6GA+2Jw22V30D/3F3I9+6odMtXmIbllU9t1QZbcozCaAb&#13;
FFbXpUTZD3MtAIOmlh+bvnWdN5cJVyKyCdQoeZBbVaWofxZu0cpLG6ZMuCHIJ80qZQwN5PgHix3k&#13;
km/x8iNgbPq9HSE94f7E0avbV9SMgVOHlAjKkfUNOt9DikCbG+WQFSnr/d0CAwEAAaOCAfUwggHx&#13;
MB0GA1UdDgQWBBSdUCSJVyEaAnTitCJfS7/mH5FKbzAOBgNVHQ8BAf8EBAMCBsAwHwYDVR0jBBgw&#13;
FoAU9OSbV9Kuwp6ITQC6K69lyWOph5swPAYDVR0fBDUwMzAxoC+gLYYraHR0cDovL3B1YmxpYy53&#13;
aXNla2V5LmNvbS9jcmwvd2NpZGFzY2E0LmNybDBtBggrBgEFBQcBAQRhMF8wNwYIKwYBBQUHMAKG&#13;
K2h0dHA6Ly9wdWJsaWMud2lzZWtleS5jb20vY3J0L3djaWRhc2NhNC5jcnQwJAYIKwYBBQUHMAGG&#13;
GGh0dHA6Ly9vY3NwLndpc2VrZXkuY29tLzA1BgNVHSUELjAsBggrBgEFBQcDAgYKKwYBBAGCNwoD&#13;
DAYIKwYBBQUHAwQGCisGAQQBgjcUAgIwQwYJKwYBBAGCNxUKBDYwNDAKBggrBgEFBQcDAjAMBgor&#13;
BgEEAYI3CgMMMAoGCCsGAQUFBwMEMAwGCisGAQQBgjcUAgIwHQYDVR0RBBYwFIEScm1hbnRpbGxh&#13;
QGVmYWN0LnBlMEQGCSqGSIb3DQEJDwQ3MDUwDgYIKoZIhvcNAwICAgCAMA4GCCqGSIb3DQMEAgIA&#13;
gDAHBgUrDgMCBzAKBggqhkiG9w0DBzARBglghkgBhvhCAQEEBAMCAKAwDQYJKoZIhvcNAQELBQAD&#13;
ggEBAHBhaiDtfqEd6zCcPrLvnX6mqV+HWadzx3KC0INpxzcHe7GhhL1BN40/Lw3KodwkGmJRDtLY&#13;
EXnPQLpvKfDlexWUBiaSL2wPr22GIidfIdGsq38AJTWw7j8PQhD3k6Pp1cdO4WuD908UvNPa9RbC&#13;
cs3oafZN9es7WBEq+OxYlt+6NY1X/6Um1A86rkWIAe7aBRPb7W+3SI4x2BDXHzb2aq5LMB9i6ojL&#13;
5NuGyBSsDKFcirxdUCHIgnNHJgWo1Vsof+LvoEB+LoetsdHATfYattQ204cThPgtTVSYFL18rlie&#13;
OAF0o1F5J0tuNj2Safrel/BID+NKeG9yOhoyYd/cO/w=</ds:X509Certificate><ds:X509IssuerSerial><ds:X509IssuerName>1.2.840.113549.1.9.1=#1612726d616e74696c6c614065666163742e7065,CN=EFACT S.A.C.,OU=RENAN MARTIN MANTILLA RAMIREZ - DNI 41710212,OU=Certificado corporativo de representación,OU=Validated by Peru Secure E Net SAC,OU=JEFE DE OPERACIONES,OU=RUC: 20551093035,O=EFACT S.A.C.,L=Lima,C=PE</ds:X509IssuerName><ds:X509SerialNumber>1137338135814772988886909172314798513226539601</ds:X509SerialNumber></ds:X509IssuerSerial></ds:X509Data></ds:KeyInfo></ds:Signature></ext:ExtensionContent></ext:UBLExtension></ext:UBLExtensions>
   <cbc:UBLVersionID>2.1</cbc:UBLVersionID>
   <cbc:CustomizationID schemeAgencyName="PE:SUNAT">2.0</cbc:CustomizationID>
   <cbc:ID>F001-00002430</cbc:ID>
   <cbc:IssueDate>2025-06-14</cbc:IssueDate>
   <cbc:IssueTime>13:20:06</cbc:IssueTime>
   <cbc:InvoiceTypeCode listAgencyName="PE:SUNAT" listID="0101" listName="Tipo de Documento" listSchemeURI="urn:pe:gob:sunat:cpe:see:gem:catalogos:catalogo51" listURI="urn:pe:gob:sunat:cpe:see:gem:catalogos:catalogo01" name="Tipo de Operacion">01</cbc:InvoiceTypeCode>
   <cbc:Note languageLocaleID="1000">TRECE MIL CIENTO CINCUENTA Y 00/100 SOLES</cbc:Note>
   <cbc:Note languageID="L">DEPOSITO</cbc:Note>
   <cbc:DocumentCurrencyCode listAgencyName="United Nations Economic Commission for Europe" listID="ISO 4217 Alpha" listName="Currency">PEN</cbc:DocumentCurrencyCode>
   <cbc:LineCountNumeric>1</cbc:LineCountNumeric>
   <cac:DespatchDocumentReference>
      <cbc:ID>0001-0399</cbc:ID>
      <cbc:DocumentTypeCode listAgencyName="PE:SUNAT" listName="Tipo de Documento" listURI="urn:pe:gob:sunat:cpe:see:gem:catalogos:catalogo01">09</cbc:DocumentTypeCode>
   </cac:DespatchDocumentReference>
   <cac:Signature>
      <cbc:ID>IDSignature</cbc:ID>
      <cac:SignatoryParty>
         <cac:PartyIdentification>
            <cbc:ID schemeAgencyName="PE:SUNAT" schemeID="6" schemeName="Documento de Identidad" schemeURI="urn:pe:gob:sunat:cpe:see:gem:catalogos:catalogo06">20606342013</cbc:ID>
         </cac:PartyIdentification>
         <cac:PartyName>
            <cbc:Name>TEXTILES MEGO E.I.R.L.</cbc:Name>
         </cac:PartyName>
      </cac:SignatoryParty>
      <cac:DigitalSignatureAttachment>
         <cac:ExternalReference>
            <cbc:URI>IDSignature</cbc:URI>
         </cac:ExternalReference>
      </cac:DigitalSignatureAttachment>
   </cac:Signature>
   <cac:AccountingSupplierParty>
      <cac:Party>
         <cac:PartyIdentification>
            <cbc:ID schemeAgencyName="PE:SUNAT" schemeID="6" schemeName="Documento de Identidad" schemeURI="urn:pe:gob:sunat:cpe:see:gem:catalogos:catalogo06">20606342013</cbc:ID>
         </cac:PartyIdentification>
         <cac:PartyName>
            <cbc:Name>TEXTILES MEGO E.I.R.L.</cbc:Name>
         </cac:PartyName>
         <cac:PartyLegalEntity>
            <cbc:RegistrationName>TEXTILES MEGO E.I.R.L.</cbc:RegistrationName>
            <cac:RegistrationAddress>
               <cbc:ID schemeAgencyName="PE:INEI" schemeName="Ubigeos">150115</cbc:ID>
               <cbc:AddressTypeCode listAgencyName="PE:SUNAT" listName="Establecimientos anexos">0000</cbc:AddressTypeCode>
               <cbc:CityName>LIMA</cbc:CityName>
               <cbc:CountrySubentity>LIMA</cbc:CountrySubentity>
               <cbc:District>LA VICTORIA</cbc:District>
               <cac:AddressLine>
                  <cbc:Line>JR MARISCAL AGUSTIN GAMARRA  638 INTERIOR 102</cbc:Line>
               </cac:AddressLine>
               <cac:Country>
                  <cbc:IdentificationCode listAgencyName="United Nations Economic Commission for Europe" listID="ISO 3166-1" listName="Country">PE</cbc:IdentificationCode>
               </cac:Country>
            </cac:RegistrationAddress>
         </cac:PartyLegalEntity>
         <cac:Contact>
            <cbc:ElectronicMail>enemiasvegamego279@gmail.com</cbc:ElectronicMail>
         </cac:Contact>
      </cac:Party>
   </cac:AccountingSupplierParty>
   <cac:AccountingCustomerParty>
      <cac:Party>
         <cac:PartyIdentification>
            <cbc:ID schemeAgencyName="PE:SUNAT" schemeID="6" schemeName="Documento de Identidad" schemeURI="urn:pe:gob:sunat:cpe:see:gem:catalogos:catalogo06">20424874141</cbc:ID>
         </cac:PartyIdentification>
         <cac:PartyLegalEntity>
            <cbc:RegistrationName>CHALICEN S.A.C</cbc:RegistrationName>
            <cac:RegistrationAddress>
               <cbc:ID schemeAgencyName="PE:INEI" schemeName="Ubigeos">150132</cbc:ID>
               <cbc:CityName>LIMA</cbc:CityName>
               <cbc:CountrySubentity>LIMA</cbc:CountrySubentity>
               <cbc:District>SAN JUAN DE LURIGANCHO</cbc:District>
               <cac:AddressLine>
                  <cbc:Line>JR. LAS ALHUCEMAS NRO. 1650</cbc:Line>
               </cac:AddressLine>
               <cac:Country>
                  <cbc:IdentificationCode listAgencyName="United Nations Economic Commission for Europe" listID="ISO 3166-1" listName="Country">PE</cbc:IdentificationCode>
               </cac:Country>
            </cac:RegistrationAddress>
         </cac:PartyLegalEntity>
         <cac:Contact>
            <cbc:ElectronicMail>gngnicial@gmail.com</cbc:ElectronicMail>
         </cac:Contact>
      </cac:Party>
   </cac:AccountingCustomerParty>
   <cac:PaymentTerms>
      <cbc:ID>FormaPago</cbc:ID>
      <cbc:PaymentMeansID>Contado</cbc:PaymentMeansID>
   </cac:PaymentTerms>
   <cac:TaxTotal>
      <cbc:TaxAmount currencyID="PEN">2005.93</cbc:TaxAmount>
      <cac:TaxSubtotal>
         <cbc:TaxableAmount currencyID="PEN">11144.07</cbc:TaxableAmount>
         <cbc:TaxAmount currencyID="PEN">2005.93</cbc:TaxAmount>
         <cac:TaxCategory>
            <cac:TaxScheme>
               <cbc:ID schemeAgencyName="PE:SUNAT" schemeName="Codigo de tributos" schemeURI="urn:pe:gob:sunat:cpe:see:gem:catalogos:catalogo05">1000</cbc:ID>
               <cbc:Name>IGV</cbc:Name>
               <cbc:TaxTypeCode>VAT</cbc:TaxTypeCode>
            </cac:TaxScheme>
         </cac:TaxCategory>
      </cac:TaxSubtotal>
   </cac:TaxTotal>
   <cac:LegalMonetaryTotal>
      <cbc:LineExtensionAmount currencyID="PEN">11144.07</cbc:LineExtensionAmount>
      <cbc:TaxInclusiveAmount currencyID="PEN">13150.00</cbc:TaxInclusiveAmount>
      <cbc:AllowanceTotalAmount currencyID="PEN">0.00</cbc:AllowanceTotalAmount>
      <cbc:PayableAmount currencyID="PEN">13150.00</cbc:PayableAmount>
   </cac:LegalMonetaryTotal>
   <cac:InvoiceLine>
      <cbc:ID>1</cbc:ID>
      <cbc:Note>MTS</cbc:Note>
      <cbc:InvoicedQuantity unitCode="ZZ" unitCodeListAgencyName="United Nations Economic Commission for Europe" unitCodeListID="UN/ECE rec 20">730.56</cbc:InvoicedQuantity>
      <cbc:LineExtensionAmount currencyID="PEN">11144.07</cbc:LineExtensionAmount>
      <cac:PricingReference>
         <cac:AlternativeConditionPrice>
            <cbc:PriceAmount currencyID="PEN">17.9999</cbc:PriceAmount>
            <cbc:PriceTypeCode listAgencyName="PE:SUNAT" listName="Tipo de Precio" listURI="urn:pe:gob:sunat:cpe:see:gem:catalogos:catalogo16">01</cbc:PriceTypeCode>
         </cac:AlternativeConditionPrice>
      </cac:PricingReference>
      <cac:TaxTotal>
         <cbc:TaxAmount currencyID="PEN">2005.93</cbc:TaxAmount>
         <cac:TaxSubtotal>
            <cbc:TaxableAmount currencyID="PEN">11144.07</cbc:TaxableAmount>
            <cbc:TaxAmount currencyID="PEN">2005.93</cbc:TaxAmount>
            <cac:TaxCategory>
               <cbc:Percent>18</cbc:Percent>
               <cbc:TaxExemptionReasonCode listAgencyName="PE:SUNAT" listName="Afectacion del IGV" listURI="urn:pe:gob:sunat:cpe:see:gem:catalogos:catalogo07">10</cbc:TaxExemptionReasonCode>
               <cac:TaxScheme>
                  <cbc:ID schemeAgencyName="PE:SUNAT" schemeName="Codigo de tributos" schemeURI="urn:pe:gob:sunat:cpe:see:gem:catalogos:catalogo05">1000</cbc:ID>
                  <cbc:Name>IGV</cbc:Name>
                  <cbc:TaxTypeCode>VAT</cbc:TaxTypeCode>
               </cac:TaxScheme>
            </cac:TaxCategory>
         </cac:TaxSubtotal>
      </cac:TaxTotal>
      <cac:Item>
         <cbc:Description>TEJIDO MANCHESTER SUITING</cbc:Description>
         <cac:SellersItemIdentification>
            <cbc:ID>1</cbc:ID>
         </cac:SellersItemIdentification>
      </cac:Item>
      <cac:Price>
         <cbc:PriceAmount currencyID="PEN">15.25415</cbc:PriceAmount>
      </cac:Price>
   </cac:InvoiceLine>
</Invoice>